timestamp,market_id,current_price,open_anchor_price,sigma_short,sigma_long,remaining_seconds,up_bid,up_ask,down_bid,down_ask,ts,market_slug,event,runtime_mode,bn_price,pm_open_price,bn_open_price,yes_bid,yes_ask,yes_mid,yes_spread,down_mid,down_spread,pm_implied_up,pm_implied_down,fair_yes,fair_no,sigma_eff,tau_seconds,z,quote_complete
2026-05-29T00:00:02.279989+00:00,market_88e15ae51f43,73617.52,73568.67,2.938e-05,2.061e-05,0.0,0.99,1.0,0.0,0.01,2026-05-29T00:00:02.279989+00:00,slug_88e15ae51f43,,live,73617.52,73468.3924,73568.67,0.99,1.0,0.995,0.01,0.005,0.01,0.995,0.005,1.0,0.0,3.129e-05,5.0,6.0,True
2026-05-29T00:00:05.288792+00:00,market_88e15ae51f43,73644.34,73568.67,4.658e-05,2.642e-05,0.0,0.99,1.0,0.0,0.01,2026-05-29T00:00:05.288792+00:00,slug_88e15ae51f43,,live,73644.34,73468.3924,73568.67,0.99,1.0,0.995,0.01,0.005,0.01,0.995,0.005,1.0,0.0,4.502e-05,5.0,6.0,True
2026-05-29T00:00:08.291305+00:00,market_88e15ae51f43,73658.23,73568.67,0.00012963,7.116e-05,0.0,0.99,1.0,0.0,0.01,2026-05-29T00:00:08.291305+00:00,slug_88e15ae51f43,,live,73658.23,73468.3924,73568.67,0.99,1.0,0.995,0.01,0.005,0.01,0.995,0.005,0.999998,2e-06,0.00011871,5.0,4.583224,True
2026-05-29T00:00:11.295166+00:00,market_88e15ae51f43,73658.23,73568.67,0.00012292,7.08e-05,0.0,0.99,1.0,0.0,0.01,2026-05-29T00:00:11.295166+00:00,slug_88e15ae51f43,,live,73658.23,73468.3924,73568.67,0.99,1.0,0.995,0.01,0.005,0.01,0.995,0.005,0.999999,1e-06,0.00011318,5.0,4.807191,True
2026-05-29T00:00:20.864372+00:00,market_fcb93d547f68,73674.01,73617.52,0.00014119,7.471e-05,279.136,0.83,0.84,0.16,0.17,2026-05-29T00:00:20.864372+00:00,slug_fcb93d547f68,,live,73674.01,73519.0759,73617.52,0.83,0.84,0.835,0.01,0.165,0.01,0.835,0.165,0.63932,0.36068,0.00012873,279.136,0.356641,True
2026-05-29T00:00:21.114659+00:00,market_fcb93d547f68,73674.02,73617.52,0.00014259,7.973e-05,278.885,0.83,0.85,0.15,0.17,2026-05-29T00:00:21.114659+00:00,slug_fcb93d547f68,,live,73674.02,73519.0759,73617.52,0.83,0.85,0.84,0.02,0.16,0.02,0.84,0.16,0.637468,0.362532,0.00013062,278.885,0.351699,True
2026-05-29T00:00:21.364603+00:00,market_fcb93d547f68,73674.01,73617.52,0.00014259,7.973e-05,278.635,0.83,0.84,0.16,0.17,2026-05-29T00:00:21.364603+00:00,slug_fcb93d547f68,,live,73674.01,73519.0759,73617.52,0.83,0.84,0.835,0.01,0.165,0.01,0.835,0.165,0.637504,0.362496,0.00013062,278.635,0.351795,True
2026-05-29T00:00:21.625487+00:00,market_fcb93d547f68,73674.02,73617.52,0.00014259,7.973e-05,278.374,0.84,0.85,0.15,0.16,2026-05-29T00:00:21.625487+00:00,slug_fcb93d547f68,,live,73674.02,73519.0759,73617.52,0.84,0.85,0.845,0.01,0.155,0.01,0.845,0.155,0.637589,0.362411,0.00013062,278.375,0.352022,True
2026-05-29T00:00:21.877329+00:00,market_fcb93d547f68,73674.02,73617.52,0.00014259,7.973e-05,278.123,0.84,0.85,0.15,0.16,2026-05-29T00:00:21.877329+00:00,slug_fcb93d547f68,,live,73674.02,73519.0759,73617.52,0.84,0.85,0.845,0.01,0.155,0.01,0.845,0.155,0.637649,0.362351,0.00013062,278.123,0.352181,True
2026-05-29T00:00:22.127100+00:00,market_fcb93d547f68,73674.01,73617.52,0.00014259,8.055e-05,277.873,0.84,0.85,0.15,0.16,2026-05-29T00:00:22.127100+00:00,slug_fcb93d547f68,,live,73674.01,73519.0759,73617.52,0.84,0.85,0.845,0.01,0.155,0.01,0.845,0.155,0.637558,0.362442,0.00013075,277.873,0.351939,True
2026-05-29T00:00:22.380984+00:00,market_fcb93d547f68,73674.01,73617.52,0.00014259,8.055e-05,277.619,0.84,0.85,0.15,0.16,2026-05-29T00:00:22.380984+00:00,slug_fcb93d547f68,,live,73674.01,73519.0759,73617.52,0.84,0.85,0.845,0.01,0.155,0.01,0.845,0.155,0.637618,0.362382,0.00013075,277.619,0.3521,True
2026-05-29T00:00:22.646171+00:00,market_fcb93d547f68,73674.02,73617.52,0.00013805,7.973e-05,277.354,0.84,0.85,0.15,0.16,2026-05-29T00:00:22.646171+00:00,slug_fcb93d547f68,,live,73674.02,73519.0759,73617.52,0.84,0.85,0.845,0.01,0.155,0.01,0.845,0.155,0.641689,0.358311,0.00012691,277.354,0.362976,True
2026-05-29T00:00:22.897311+00:00,market_fcb93d547f68,73674.02,73617.52,0.00013805,7.973e-05,277.103,0.84,0.85,0.15,0.16,2026-05-29T00:00:22.897311+00:00,slug_fcb93d547f68,,live,73674.02,73519.0759,73617.52,0.84,0.85,0.845,0.01,0.155,0.01,0.845,0.155,0.64175,0.35825,0.00012691,277.103,0.36314,True
2026-05-29T00:00:23.147065+00:00,market_fcb93d547f68,73674.02,73617.52,0.00014258,8.055e-05,276.853,0.84,0.85,0.15,0.16,2026-05-29T00:00:23.147065+00:00,slug_fcb93d547f68,,live,73674.02,73519.0759,73617.52,0.84,0.85,0.845,0.01,0.155,0.01,0.845,0.155,0.637828,0.362172,0.00013074,276.853,0.35266,True
2026-05-29T00:00:23.408786+00:00,market_fcb93d547f68,73674.01,73617.52,0.00013805,7.973e-05,276.591,0.84,0.85,0.15,0.16,2026-05-29T00:00:23.408786+00:00,slug_fcb93d547f68,,live,73674.01,73519.0759,73617.52,0.84,0.85,0.845,0.01,0.155,0.01,0.845,0.155,0.641851,0.358149,0.00012691,276.591,0.363412,True
2026-05-29T00:00:23.559239+00:00,market_fcb93d547f68,73674.02,73617.52,0.00013805,7.973e-05,276.441,0.84,0.85,0.15,0.16,2026-05-29T00:00:23.559239+00:00,slug_fcb93d547f68,,live,73674.02,73519.0759,73617.52,0.84,0.85,0.845,0.01,0.155,0.01,0.845,0.155,0.641912,0.358088,0.00012691,276.441,0.363575,True
2026-05-29T00:00:23.659368+00:00,market_fcb93d547f68,73674.02,73617.52,0.00013805,7.973e-05,276.341,0.84,0.85,0.15,0.16,2026-05-29T00:00:23.659368+00:00,slug_fcb93d547f68,,live,73674.02,73519.0759,73617.52,0.84,0.85,0.845,0.01,0.155,0.01,0.845,0.155,0.641937,0.358063,0.00012691,276.341,0.363641,True
2026-05-29T00:00:23.921100+00:00,market_fcb93d547f68,73674.02,73617.52,0.00013805,7.973e-05,276.079,0.84,0.85,0.15,0.16,2026-05-29T00:00:23.921100+00:00,slug_fcb93d547f68,,live,73674.02,73519.0759,73617.52,0.84,0.85,0.845,0.01,0.155,0.01,0.845,0.155,0.642001,0.357999,0.00012691,276.079,0.363813,True
2026-05-29T00:00:24.171001+00:00,market_fcb93d547f68,73674.02,73617.52,0.00014259,8.055e-05,275.829,0.84,0.85,0.15,0.16,2026-05-29T00:00:24.171001+00:00,slug_fcb93d547f68,,live,73674.02,73519.0759,73617.52,0.84,0.85,0.845,0.01,0.155,0.01,0.845,0.155,0.638065,0.361935,0.00013075,275.829,0.353292,True
2026-05-29T00:00:24.482854+00:00,market_fcb93d547f68,73674.02,73617.52,0.00014259,8.055e-05,275.517,0.84,0.85,0.15,0.16,2026-05-29T00:00:24.482854+00:00,slug_fcb93d547f68,,live,73674.02,73519.0759,73617.52,0.84,0.85,0.845,0.01,0.155,0.01,0.845,0.155,0.63814,0.36186,0.00013075,275.517,0.353491,True
2026-05-29T00:00:24.741570+00:00,market_fcb93d547f68,73674.02,73617.52,0.00013805,7.973e-05,275.258,0.84,0.85,0.15,0.16,2026-05-29T00:00:24.741570+00:00,slug_fcb93d547f68,,live,73674.02,73519.0759,73617.52,0.84,0.85,0.845,0.01,0.155,0.01,0.845,0.155,0.642203,0.357797,0.00012691,275.258,0.364355,True
2026-05-29T00:00:24.999887+00:00,market_fcb93d547f68,73674.01,73617.52,0.00013805,7.973e-05,275.0,0.84,0.85,0.15,0.16,2026-05-29T00:00:24.999887+00:00,slug_fcb93d547f68,,live,73674.01,73519.0759,73617.52,0.84,0.85,0.845,0.01,0.155,0.01,0.845,0.155,0.642243,0.357757,0.00012691,275.0,0.364461,True
2026-05-29T00:00:25.259443+00:00,market_fcb93d547f68,73674.02,73617.52,0.00013785,7.973e-05,274.741,0.84,0.85,0.15,0.16,2026-05-29T00:00:25.259443+00:00,slug_fcb93d547f68,,live,73674.02,73519.0759,73617.52,0.84,0.85,0.845,0.01,0.155,0.01,0.845,0.155,0.642505,0.357495,0.00012675,274.741,0.365163,True
2026-05-29T00:00:25.527801+00:00,market_fcb93d547f68,73674.02,73617.52,0.00013785,7.973e-05,274.472,0.84,0.85,0.15,0.16,2026-05-29T00:00:25.527801+00:00,slug_fcb93d547f68,,live,73674.02,73519.0759,73617.52,0.84,0.85,0.845,0.01,0.155,0.01,0.845,0.155,0.642572,0.357428,0.00012675,274.472,0.365342,True
2026-05-29T00:00:25.800882+00:00,market_fcb93d547f68,73674.02,73617.52,0.00013785,7.973e-05,274.199,0.84,0.85,0.15,0.16,2026-05-29T00:00:25.800882+00:00,slug_fcb93d547f68,,live,73674.02,73519.0759,73617.52,0.84,0.85,0.845,0.01,0.155,0.01,0.845,0.155,0.64264,0.35736,0.00012675,274.199,0.365524,True
2026-05-29T00:00:26.128620+00:00,market_fcb93d547f68,73674.02,73617.52,6.154e-05,8.055e-05,273.871,0.84,0.85,0.15,0.16,2026-05-29T00:00:26.128620+00:00,slug_fcb93d547f68,,live,73674.02,73519.0759,73617.52,0.84,0.85,0.845,0.01,0.155,0.01,0.845,0.155,0.75083,0.24917,6.847e-05,273.871,0.677105,True
2026-05-29T00:00:26.383141+00:00,market_fcb93d547f68,73674.02,73617.52,5.925e-05,7.973e-05,273.617,0.84,0.85,0.15,0.16,2026-05-29T00:00:26.383141+00:00,slug_fcb93d547f68,,live,73674.02,73519.0759,73617.52,0.84,0.85,0.845,0.01,0.155,0.01,0.845,0.155,0.756629,0.243371,6.669e-05,273.617,0.695501,True
2026-05-29T00:00:26.561414+00:00,market_fcb93d547f68,73674.02,73617.52,5.925e-05,7.973e-05,273.439,0.84,0.85,0.15,0.16,2026-05-29T00:00:26.561414+00:00,slug_fcb93d547f68,,live,73674.02,73519.0759,73617.52,0.84,0.85,0.845,0.01,0.155,0.01,0.845,0.155,0.7567,0.2433,6.669e-05,273.439,0.695728,True
2026-05-29T00:00:26.636419+00:00,market_fcb93d547f68,73674.02,73617.52,5.925e-05,7.973e-05,273.364,0.84,0.85,0.15,0.16,2026-05-29T00:00:26.636419+00:00,slug_fcb93d547f68,,live,73674.02,73519.0759,73617.52,0.84,0.85,0.845,0.01,0.155,0.01,0.845,0.155,0.75673,0.24327,6.669e-05,273.364,0.695823,True
2026-05-29T00:00:26.886613+00:00,market_fcb93d547f68,73674.02,73617.52,5.925e-05,7.973e-05,273.113,0.84,0.85,0.15,0.16,2026-05-29T00:00:26.886613+00:00,slug_fcb93d547f68,,live,73674.02,73519.0759,73617.52,0.84,0.85,0.845,0.01,0.155,0.01,0.845,0.155,0.75683,0.24317,6.669e-05,273.113,0.696142,True
2026-05-29T00:00:27.151828+00:00,market_fcb93d547f68,73674.02,73617.52,6.154e-05,8.055e-05,272.848,0.84,0.85,0.15,0.16,2026-05-29T00:00:27.151828+00:00,slug_fcb93d547f68,,live,73674.02,73519.0759,73617.52,0.84,0.85,0.845,0.01,0.155,0.01,0.845,0.155,0.751233,0.248767,6.847e-05,272.848,0.678375,True
2026-05-29T00:00:27.427749+00:00,market_fcb93d547f68,73674.02,73617.52,6.154e-05,8.055e-05,272.572,0.84,0.85,0.15,0.16,2026-05-29T00:00:27.427749+00:00,slug_fcb93d547f68,,live,73674.02,73519.0759,73617.52,0.84,0.85,0.845,0.01,0.155,0.01,0.845,0.155,0.751342,0.248658,6.847e-05,272.572,0.678718,True
2026-05-29T00:00:27.681972+00:00,market_fcb93d547f68,73674.02,73617.52,6.154e-05,8.055e-05,272.318,0.84,0.85,0.15,0.16,2026-05-29T00:00:27.681972+00:00,slug_fcb93d547f68,,live,73674.02,73519.0759,73617.52,0.84,0.85,0.845,0.01,0.155,0.01,0.845,0.155,0.751442,0.248558,6.847e-05,272.318,0.679035,True
2026-05-29T00:00:27.932526+00:00,market_fcb93d547f68,73674.02,73617.52,6.154e-05,8.055e-05,272.067,0.84,0.85,0.15,0.16,2026-05-29T00:00:27.932526+00:00,slug_fcb93d547f68,,live,73674.02,73519.0759,73617.52,0.84,0.85,0.845,0.01,0.155,0.01,0.845,0.155,0.751541,0.248459,6.847e-05,272.068,0.679347,True
2026-05-29T00:00:28.182218+00:00,market_fcb93d547f68,73674.02,73617.52,6.154e-05,8.055e-05,271.818,0.84,0.85,0.15,0.16,2026-05-29T00:00:28.182218+00:00,slug_fcb93d547f68,,live,73674.02,73519.0759,73617.52,0.84,0.85,0.845,0.01,0.155,0.01,0.845,0.155,0.751645,0.248355,6.846e-05,271.818,0.679676,True
2026-05-29T00:00:28.434076+00:00,market_fcb93d547f68,73674.02,73617.52,6.154e-05,8.055e-05,271.566,0.84,0.85,0.15,0.16,2026-05-29T00:00:28.434076+00:00,slug_fcb93d547f68,,live,73674.02,73519.0759,73617.52,0.84,0.85,0.845,0.01,0.155,0.01,0.845,0.155,0.751745,0.248255,6.846e-05,271.566,0.679991,True
2026-05-29T00:00:28.687682+00:00,market_fcb93d547f68,73674.01,73617.52,6.154e-05,8.055e-05,271.312,0.84,0.85,0.15,0.16,2026-05-29T00:00:28.687682+00:00,slug_fcb93d547f68,,live,73674.01,73519.0759,73617.52,0.84,0.85,0.845,0.01,0.155,0.01,0.845,0.155,0.751807,0.248193,6.846e-05,271.312,0.680188,True
2026-05-29T00:00:28.937957+00:00,market_fcb93d547f68,73674.01,73617.52,6.154e-05,8.055e-05,271.062,0.84,0.85,0.15,0.16,2026-05-29T00:00:28.937957+00:00,slug_fcb93d547f68,,live,73674.01,73519.0759,73617.52,0.84,0.85,0.845,0.01,0.155,0.01,0.845,0.155,0.751907,0.248093,6.846e-05,271.062,0.680502,True
2026-05-29T00:00:29.187902+00:00,market_fcb93d547f68,73674.02,73617.52,5.924e-05,8.055e-05,270.812,0.84,0.85,0.15,0.16,2026-05-29T00:00:29.187902+00:00,slug_fcb93d547f68,,live,73674.02,73519.0759,73617.52,0.84,0.85,0.845,0.01,0.155,0.01,0.845,0.155,0.756965,0.243035,6.693e-05,270.812,0.696574,True
2026-05-29T00:00:29.445021+00:00,market_fcb93d547f68,73674.02,73617.52,5.924e-05,8.055e-05,270.555,0.84,0.85,0.15,0.16,2026-05-29T00:00:29.445021+00:00,slug_fcb93d547f68,,live,73674.02,73519.0759,73617.52,0.84,0.85,0.845,0.01,0.155,0.01,0.845,0.155,0.757069,0.242931,6.693e-05,270.555,0.696905,True
2026-05-29T00:00:29.564375+00:00,market_fcb93d547f68,73674.02,73617.52,5.924e-05,8.055e-05,270.436,0.84,0.85,0.15,0.16,2026-05-29T00:00:29.564375+00:00,slug_fcb93d547f68,,live,73674.02,73519.0759,73617.52,0.84,0.85,0.845,0.01,0.155,0.01,0.845,0.155,0.757117,0.242883,6.693e-05,270.436,0.697058,True
2026-05-29T00:00:29.706182+00:00,market_fcb93d547f68,73674.01,73617.52,5.924e-05,8.055e-05,270.294,0.84,0.85,0.15,0.16,2026-05-29T00:00:29.706182+00:00,slug_fcb93d547f68,,live,73674.01,73519.0759,73617.52,0.84,0.85,0.845,0.01,0.155,0.01,0.845,0.155,0.757136,0.242864,6.693e-05,270.294,0.697118,True
2026-05-29T00:00:29.958474+00:00,market_fcb93d547f68,73674.01,73617.52,5.924e-05,8.055e-05,270.041,0.84,0.85,0.15,0.16,2026-05-29T00:00:29.958474+00:00,slug_fcb93d547f68,,live,73674.01,73519.0759,73617.52,0.84,0.85,0.845,0.01,0.155,0.01,0.845,0.155,0.757237,0.242763,6.693e-05,270.042,0.697444,True
2026-05-29T00:00:30.208399+00:00,market_fcb93d547f68,73674.01,73617.52,6.162e-05,8.055e-05,269.792,0.84,0.85,0.15,0.16,2026-05-29T00:00:30.208399+00:00,slug_fcb93d547f68,,live,73674.01,73519.0759,73617.52,0.84,0.85,0.845,0.01,0.155,0.01,0.845,0.155,0.752241,0.247759,6.852e-05,269.792,0.681559,True
2026-05-29T00:00:30.462809+00:00,market_fcb93d547f68,73674.01,73617.52,6.162e-05,8.055e-05,269.537,0.84,0.85,0.15,0.16,2026-05-29T00:00:30.462809+00:00,slug_fcb93d547f68,,live,73674.01,73519.0759,73617.52,0.84,0.85,0.845,0.01,0.155,0.01,0.845,0.155,0.752343,0.247657,6.852e-05,269.537,0.681881,True
2026-05-29T00:00:30.716970+00:00,market_fcb93d547f68,73674.01,73617.52,6.162e-05,8.055e-05,269.283,0.84,0.85,0.15,0.16,2026-05-29T00:00:30.716970+00:00,slug_fcb93d547f68,,live,73674.01,73519.0759,73617.52,0.84,0.85,0.845,0.01,0.155,0.01,0.845,0.155,0.752445,0.247555,6.852e-05,269.283,0.682203,True
2026-05-29T00:00:30.978488+00:00,market_fcb93d547f68,73674.01,73617.52,6.162e-05,8.055e-05,269.021,0.84,0.85,0.15,0.16,2026-05-29T00:00:30.978488+00:00,slug_fcb93d547f68,,live,73674.01,73519.0759,73617.52,0.84,0.85,0.845,0.01,0.155,0.01,0.845,0.155,0.752549,0.247451,6.852e-05,269.022,0.682534,True
2026-05-29T00:00:31.229041+00:00,market_fcb93d547f68,73674.02,73617.52,6.162e-05,7.973e-05,268.771,0.84,0.85,0.15,0.16,2026-05-29T00:00:31.229041+00:00,slug_fcb93d547f68,,live,73674.02,73519.0759,73617.52,0.84,0.85,0.845,0.01,0.155,0.01,0.845,0.155,0.753445,0.246555,6.828e-05,268.771,0.68537,True
2026-05-29T00:00:31.479869+00:00,market_fcb93d547f68,73674.02,73617.52,6.162e-05,7.973e-05,268.52,0.84,0.85,0.15,0.16,2026-05-29T00:00:31.479869+00:00,slug_fcb93d547f68,,live,73674.02,73519.0759,73617.52,0.84,0.85,0.845,0.01,0.155,0.01,0.845,0.155,0.753546,0.246454,6.828e-05,268.52,0.68569,True
2026-05-29T00:00:31.798527+00:00,market_fcb93d547f68,73674.02,73617.52,6.162e-05,7.973e-05,268.201,0.84,0.85,0.15,0.16,2026-05-29T00:00:31.798527+00:00,slug_fcb93d547f68,,live,73674.02,73519.0759,73617.52,0.84,0.85,0.845,0.01,0.155,0.01,0.845,0.155,0.753674,0.246326,6.828e-05,268.201,0.686097,True
2026-05-29T00:00:32.048767+00:00,market_fcb93d547f68,73674.02,73617.52,6.43e-05,7.973e-05,267.951,0.84,0.85,0.15,0.16,2026-05-29T00:00:32.048767+00:00,slug_fcb93d547f68,,live,73674.02,73519.0759,73617.52,0.84,0.85,0.845,0.01,0.155,0.01,0.845,0.155,0.748089,0.251911,7.011e-05,267.951,0.668487,True
2026-05-29T00:00:32.312595+00:00,market_fcb93d547f68,73674.02,73617.52,6.43e-05,7.973e-05,267.687,0.84,0.85,0.15,0.16,2026-05-29T00:00:32.312595+00:00,slug_fcb93d547f68,,live,73674.02,73519.0759,73617.52,0.84,0.85,0.845,0.01,0.155,0.01,0.845,0.155,0.748194,0.251806,7.011e-05,267.687,0.668816,True
2026-05-29T00:00:32.566038+00:00,market_fcb93d547f68,73674.02,73617.52,6.43e-05,7.973e-05,267.434,0.84,0.85,0.15,0.16,2026-05-29T00:00:32.566038+00:00,slug_fcb93d547f68,,live,73674.02,73519.0759,73617.52,0.84,0.85,0.845,0.01,0.155,0.01,0.845,0.155,0.748295,0.251705,7.011e-05,267.434,0.669133,True
2026-05-29T00:00:32.567218+00:00,market_fcb93d547f68,73674.02,73617.52,6.43e-05,7.973e-05,267.433,0.84,0.85,0.15,0.16,2026-05-29T00:00:32.567218+00:00,slug_fcb93d547f68,,live,73674.02,73519.0759,73617.52,0.84,0.85,0.845,0.01,0.155,0.01,0.845,0.155,0.748295,0.251705,7.011e-05,267.433,0.669134,True
2026-05-29T00:00:32.827024+00:00,market_fcb93d547f68,73674.02,73617.52,6.162e-05,7.894e-05,267.173,0.84,0.85,0.15,0.16,2026-05-29T00:00:32.827024+00:00,slug_fcb93d547f68,,live,73674.02,73519.0759,73617.52,0.84,0.85,0.845,0.01,0.155,0.01,0.845,0.155,0.754815,0.245185,6.805e-05,267.173,0.689722,True
2026-05-29T00:00:33.112209+00:00,market_fcb93d547f68,73674.02,73617.52,6.162e-05,7.894e-05,266.888,0.84,0.85,0.15,0.16,2026-05-29T00:00:33.112209+00:00,slug_fcb93d547f68,,live,73674.02,73519.0759,73617.52,0.84,0.85,0.845,0.01,0.155,0.01,0.845,0.155,0.754931,0.245069,6.805e-05,266.888,0.69009,True
2026-05-29T00:00:33.422964+00:00,market_fcb93d547f68,73674.02,73617.52,5.924e-05,7.817e-05,266.577,0.84,0.85,0.15,0.16,2026-05-29T00:00:33.422964+00:00,slug_fcb93d547f68,,live,73674.02,73519.0759,73617.52,0.84,0.85,0.845,0.01,0.155,0.01,0.845,0.155,0.761028,0.238972,6.622e-05,266.577,0.709613,True
2026-05-29T00:00:33.679909+00:00,market_fcb93d547f68,73674.02,73617.52,5.924e-05,7.817e-05,266.32,0.84,0.85,0.15,0.16,2026-05-29T00:00:33.679909+00:00,slug_fcb93d547f68,,live,73674.02,73519.0759,73617.52,0.84,0.85,0.845,0.01,0.155,0.01,0.845,0.155,0.761134,0.238866,6.622e-05,266.32,0.709955,True
2026-05-29T00:00:33.937387+00:00,market_fcb93d547f68,73674.02,73617.52,5.924e-05,7.817e-05,266.063,0.84,0.85,0.15,0.16,2026-05-29T00:00:33.937387+00:00,slug_fcb93d547f68,,live,73674.02,73519.0759,73617.52,0.84,0.85,0.845,0.01,0.155,0.01,0.845,0.155,0.76124,0.23876,6.622e-05,266.063,0.710299,True
2026-05-29T00:00:34.204428+00:00,market_fcb93d547f68,73674.02,73617.52,5.924e-05,7.894e-05,265.796,0.84,0.85,0.15,0.16,2026-05-29T00:00:34.204428+00:00,slug_fcb93d547f68,,live,73674.02,73519.0759,73617.52,0.84,0.85,0.845,0.01,0.155,0.01,0.845,0.155,0.760594,0.239406,6.644e-05,265.796,0.708216,True
2026-05-29T00:00:34.476886+00:00,market_fcb93d547f68,73674.02,73617.52,5.924e-05,7.894e-05,265.523,0.84,0.85,0.15,0.16,2026-05-29T00:00:34.476886+00:00,slug_fcb93d547f68,,live,73674.02,73519.0759,73617.52,0.84,0.85,0.845,0.01,0.155,0.01,0.845,0.155,0.760707,0.239293,6.644e-05,265.523,0.708579,True
2026-05-29T00:00:34.766769+00:00,market_fcb93d547f68,73674.02,73617.52,5.712e-05,7.817e-05,265.233,0.84,0.85,0.15,0.16,2026-05-29T00:00:34.766769+00:00,slug_fcb93d547f68,,live,73674.02,73519.0759,73617.52,0.84,0.85,0.845,0.01,0.155,0.01,0.845,0.155,0.766372,0.233628,6.48e-05,265.233,0.726951,True
2026-05-29T00:00:35.030787+00:00,market_fcb93d547f68,73674.02,73617.52,5.924e-05,7.886e-05,264.969,0.84,0.85,0.15,0.16,2026-05-29T00:00:35.030787+00:00,slug_fcb93d547f68,,live,73674.02,73519.0759,73617.52,0.84,0.85,0.845,0.01,0.155,0.01,0.845,0.155,0.761012,0.238988,6.642e-05,264.969,0.709561,True
2026-05-29T00:00:35.280940+00:00,market_fcb93d547f68,73674.01,73617.52,5.712e-05,7.809e-05,264.719,0.85,0.86,0.14,0.15,2026-05-29T00:00:35.280940+00:00,slug_fcb93d547f68,,live,73674.01,73519.0759,73617.52,0.85,0.86,0.855,0.01,0.145,0.01,0.855,0.145,0.766626,0.233374,6.478e-05,264.719,0.727781,True
2026-05-29T00:00:35.535086+00:00,market_fcb93d547f68,73674.01,73617.52,5.712e-05,7.809e-05,264.465,0.85,0.86,0.14,0.15,2026-05-29T00:00:35.535086+00:00,slug_fcb93d547f68,,live,73674.01,73519.0759,73617.52,0.85,0.86,0.855,0.01,0.145,0.01,0.855,0.145,0.766733,0.233267,6.478e-05,264.465,0.728131,True
2026-05-29T00:00:35.569352+00:00,market_fcb93d547f68,73674.01,73617.52,5.712e-05,7.809e-05,264.431,0.85,0.86,0.14,0.15,2026-05-29T00:00:35.569352+00:00,slug_fcb93d547f68,,live,73674.01,73519.0759,73617.52,0.85,0.86,0.855,0.01,0.145,0.01,0.855,0.145,0.766748,0.233252,6.478e-05,264.431,0.728178,True
2026-05-29T00:00:35.825567+00:00,market_fcb93d547f68,73674.02,73617.52,5.712e-05,7.809e-05,264.174,0.85,0.86,0.14,0.15,2026-05-29T00:00:35.825567+00:00,slug_fcb93d547f68,,live,73674.02,73519.0759,73617.52,0.85,0.86,0.855,0.01,0.145,0.01,0.855,0.145,0.766895,0.233105,6.478e-05,264.174,0.72866,True
2026-05-29T00:00:36.080636+00:00,market_fcb93d547f68,73674.02,73617.52,5.712e-05,7.809e-05,263.919,0.85,0.86,0.14,0.15,2026-05-29T00:00:36.080636+00:00,slug_fcb93d547f68,,live,73674.02,73519.0759,73617.52,0.85,0.86,0.855,0.01,0.145,0.01,0.855,0.145,0.767003,0.232997,6.478e-05,263.919,0.729012,True
2026-05-29T00:00:36.330634+00:00,market_fcb93d547f68,73674.02,73617.52,5.712e-05,7.809e-05,263.669,0.85,0.86,0.14,0.15,2026-05-29T00:00:36.330634+00:00,slug_fcb93d547f68,,live,73674.02,73519.0759,73617.52,0.85,0.86,0.855,0.01,0.145,0.01,0.855,0.145,0.767108,0.232892,6.478e-05,263.669,0.729357,True
2026-05-29T00:00:36.580981+00:00,market_fcb93d547f68,73674.02,73617.52,5.52e-05,7.734e-05,263.419,0.85,0.86,0.14,0.15,2026-05-29T00:00:36.580981+00:00,slug_fcb93d547f68,,live,73674.02,73519.0759,73617.52,0.85,0.86,0.855,0.01,0.145,0.01,0.855,0.145,0.772418,0.227582,6.329e-05,263.419,0.746832,True
2026-05-29T00:00:36.831100+00:00,market_fcb93d547f68,73674.02,73617.52,5.52e-05,7.734e-05,263.169,0.85,0.86,0.14,0.15,2026-05-29T00:00:36.831100+00:00,slug_fcb93d547f68,,live,73674.02,73519.0759,73617.52,0.85,0.86,0.855,0.01,0.145,0.01,0.855,0.145,0.772525,0.227475,6.329e-05,263.169,0.747187,True
2026-05-29T00:00:37.091361+00:00,market_fcb93d547f68,73674.02,73617.52,5.52e-05,7.734e-05,262.909,0.85,0.86,0.14,0.15,2026-05-29T00:00:37.091361+00:00,slug_fcb93d547f68,,live,73674.02,73519.0759,73617.52,0.85,0.86,0.855,0.01,0.145,0.01,0.855,0.145,0.772636,0.227364,6.329e-05,262.909,0.747557,True
2026-05-29T00:00:37.342463+00:00,market_fcb93d547f68,73674.01,73617.52,5.347e-05,7.662e-05,262.658,0.85,0.86,0.14,0.15,2026-05-29T00:00:37.342463+00:00,slug_fcb93d547f68,,live,73674.01,73519.0759,73617.52,0.85,0.86,0.855,0.01,0.145,0.01,0.855,0.145,0.777599,0.222401,6.194e-05,262.658,0.764109,True
2026-05-29T00:00:37.595681+00:00,market_fcb93d547f68,73674.01,73617.52,5.347e-05,7.662e-05,262.404,0.85,0.86,0.14,0.15,2026-05-29T00:00:37.595681+00:00,slug_fcb93d547f68,,live,73674.01,73519.0759,73617.52,0.85,0.86,0.855,0.01,0.145,0.01,0.855,0.145,0.777709,0.222291,6.194e-05,262.404,0.764477,True
2026-05-29T00:00:37.846323+00:00,market_fcb93d547f68,73674.01,73617.52,5.347e-05,7.662e-05,262.154,0.85,0.86,0.14,0.15,2026-05-29T00:00:37.846323+00:00,slug_fcb93d547f68,,live,73674.01,73519.0759,73617.52,0.85,0.86,0.855,0.01,0.145,0.01,0.855,0.145,0.777817,0.222183,6.194e-05,262.154,0.764843,True
2026-05-29T00:00:38.111981+00:00,market_fcb93d547f68,73674.01,73617.52,5.347e-05,7.734e-05,261.888,0.85,0.86,0.14,0.15,2026-05-29T00:00:38.111981+00:00,slug_fcb93d547f68,,live,73674.01,73519.0759,73617.52,0.85,0.86,0.855,0.01,0.145,0.01,0.855,0.145,0.777107,0.222893,6.217e-05,261.888,0.762459,True
2026-05-29T00:00:38.487529+00:00,market_fcb93d547f68,73674.02,73617.52,5.188e-05,7.662e-05,261.512,0.85,0.86,0.14,0.15,2026-05-29T00:00:38.487529+00:00,slug_fcb93d547f68,,live,73674.02,73519.0759,73617.52,0.85,0.86,0.855,0.01,0.145,0.01,0.855,0.145,0.781924,0.218076,6.092e-05,261.512,0.778709,True
2026-05-29T00:00:38.570951+00:00,market_fcb93d547f68,73674.02,73617.52,5.188e-05,7.662e-05,261.429,0.85,0.86,0.14,0.15,2026-05-29T00:00:38.570951+00:00,slug_fcb93d547f68,,live,73674.02,73519.0759,73617.52,0.85,0.86,0.855,0.01,0.145,0.01,0.855,0.145,0.781961,0.218039,6.092e-05,261.429,0.778833,True
2026-05-29T00:00:38.744563+00:00,market_fcb93d547f68,73674.02,73617.52,5.188e-05,7.662e-05,261.255,0.85,0.86,0.14,0.15,2026-05-29T00:00:38.744563+00:00,slug_fcb93d547f68,,live,73674.02,73519.0759,73617.52,0.85,0.86,0.855,0.01,0.145,0.01,0.855,0.145,0.782037,0.217963,6.092e-05,261.255,0.779092,True
2026-05-29T00:00:39.000137+00:00,market_fcb93d547f68,73674.02,73617.52,5.188e-05,7.662e-05,261.0,0.85,0.86,0.14,0.15,2026-05-29T00:00:39.000137+00:00,slug_fcb93d547f68,,live,73674.02,73519.0759,73617.52,0.85,0.86,0.855,0.01,0.145,0.01,0.855,0.145,0.78215,0.21785,6.092e-05,261.0,0.779473,True
2026-05-29T00:00:39.255074+00:00,market_fcb93d547f68,73674.02,73617.52,5.043e-05,7.662e-05,260.745,0.85,0.86,0.14,0.15,2026-05-29T00:00:39.255074+00:00,slug_fcb93d547f68,,live,73674.02,73519.0759,73617.52,0.85,0.86,0.855,0.01,0.145,0.01,0.855,0.145,0.785767,0.214233,6e-05,260.745,0.791818,True
2026-05-29T00:00:39.519147+00:00,market_fcb93d547f68,73674.02,73617.52,5.043e-05,7.662e-05,260.481,0.85,0.86,0.14,0.15,2026-05-29T00:00:39.519147+00:00,slug_fcb93d547f68,,live,73674.02,73519.0759,73617.52,0.85,0.86,0.855,0.01,0.145,0.01,0.855,0.145,0.785884,0.214116,6e-05,260.481,0.79222,True
2026-05-29T00:00:39.769371+00:00,market_fcb93d547f68,73674.02,73617.52,5.043e-05,7.662e-05,260.231,0.85,0.86,0.14,0.15,2026-05-29T00:00:39.769371+00:00,slug_fcb93d547f68,,live,73674.02,73519.0759,73617.52,0.85,0.86,0.855,0.01,0.145,0.01,0.855,0.145,0.785995,0.214005,6e-05,260.231,0.7926,True
2026-05-29T00:00:40.117394+00:00,market_fcb93d547f68,73675.85,73617.52,4.91e-05,7.662e-05,259.883,0.85,0.86,0.14,0.15,2026-05-29T00:00:40.117394+00:00,slug_fcb93d547f68,,live,73675.85,73519.0759,73617.52,0.85,0.86,0.855,0.01,0.145,0.01,0.855,0.145,0.796842,0.203158,5.917e-05,259.883,0.830393,True
2026-05-29T00:00:40.387622+00:00,market_fcb93d547f68,73676.96,73617.52,4.91e-05,7.662e-05,259.612,0.85,0.86,0.14,0.15,2026-05-29T00:00:40.387622+00:00,slug_fcb93d547f68,,live,73676.96,73519.0759,73617.52,0.85,0.86,0.855,0.01,0.145,0.01,0.855,0.145,0.801399,0.198601,5.917e-05,259.612,0.846629,True
2026-05-29T00:00:40.643335+00:00,market_fcb93d547f68,73678.01,73617.52,4.91e-05,7.662e-05,259.357,0.85,0.86,0.14,0.15,2026-05-29T00:00:40.643335+00:00,slug_fcb93d547f68,,live,73678.01,73519.0759,73617.52,0.85,0.86,0.855,0.01,0.145,0.01,0.855,0.145,0.805657,0.194343,5.917e-05,259.357,0.862003,True
2026-05-29T00:00:40.901829+00:00,market_fcb93d547f68,73680.0,73617.52,4.91e-05,7.662e-05,259.098,0.85,0.86,0.14,0.15,2026-05-29T00:00:40.901829+00:00,slug_fcb93d547f68,,live,73680.0,73519.0759,73617.52,0.85,0.86,0.855,0.01,0.145,0.01,0.855,0.145,0.81348,0.18652,5.917e-05,259.098,0.890793,True
2026-05-29T00:00:41.152001+00:00,market_fcb93d547f68,73685.86,73617.52,1.859e-05,7.688e-05,258.848,0.85,0.86,0.14,0.15,2026-05-29T00:00:41.152001+00:00,slug_fcb93d547f68,,live,73685.86,73519.0759,73617.52,0.85,0.86,0.855,0.01,0.145,0.01,0.855,0.145,0.903555,0.096445,4.429e-05,258.848,1.30208,True
2026-05-29T00:00:41.405228+00:00,market_fcb93d547f68,73685.86,73617.52,1.859e-05,7.688e-05,258.595,0.85,0.86,0.14,0.15,2026-05-29T00:00:41.405228+00:00,slug_fcb93d547f68,,live,73685.86,73519.0759,73617.52,0.85,0.86,0.855,0.01,0.145,0.01,0.855,0.145,0.903664,0.096336,4.429e-05,258.595,1.302717,True
2026-05-29T00:00:41.572418+00:00,market_fcb93d547f68,73685.86,73617.52,1.859e-05,7.688e-05,258.428,0.85,0.87,0.13,0.15,2026-05-29T00:00:41.572418+00:00,slug_fcb93d547f68,,live,73685.86,73519.0759,73617.52,0.85,0.87,0.86,0.02,0.14,0.02,0.86,0.14,0.903736,0.096264,4.429e-05,258.428,1.303138,True
2026-05-29T00:00:41.655496+00:00,market_fcb93d547f68,73685.86,73617.52,1.859e-05,7.688e-05,258.344,0.85,0.88,0.12,0.15,2026-05-29T00:00:41.655496+00:00,slug_fcb93d547f68,,live,73685.86,73519.0759,73617.52,0.85,0.88,0.865,0.03,0.135,0.03,0.865,0.135,0.903772,0.096228,4.429e-05,258.345,1.303348,True
2026-05-29T00:00:41.909017+00:00,market_fcb93d547f68,73685.86,73617.52,1.859e-05,7.688e-05,258.091,0.85,0.88,0.12,0.15,2026-05-29T00:00:41.909017+00:00,slug_fcb93d547f68,,live,73685.86,73519.0759,73617.52,0.85,0.88,0.865,0.03,0.135,0.03,0.865,0.135,0.903881,0.096119,4.429e-05,258.091,1.303988,True
2026-05-29T00:00:42.199429+00:00,market_fcb93d547f68,73685.86,73617.52,1.91e-05,7.688e-05,257.801,0.85,0.88,0.12,0.15,2026-05-29T00:00:42.199429+00:00,slug_fcb93d547f68,,live,73685.86,73519.0759,73617.52,0.85,0.88,0.865,0.03,0.135,0.03,0.865,0.135,0.903198,0.096802,4.445e-05,257.801,1.299993,True
2026-05-29T00:00:42.450205+00:00,market_fcb93d547f68,73687.91,73617.52,2.525e-05,7.674e-05,257.55,0.86,0.88,0.12,0.14,2026-05-29T00:00:42.450205+00:00,slug_fcb93d547f68,,live,73687.91,73519.0759,73617.52,0.86,0.88,0.87,0.02,0.13,0.02,0.87,0.13,0.899159,0.100841,4.664e-05,257.55,1.276775,True
2026-05-29T00:00:42.712152+00:00,market_fcb93d547f68,73687.91,73617.52,2.525e-05,7.674e-05,257.288,0.86,0.88,0.12,0.14,2026-05-29T00:00:42.712152+00:00,slug_fcb93d547f68,,live,73687.91,73519.0759,73617.52,0.86,0.88,0.87,0.02,0.13,0.02,0.87,0.13,0.899274,0.100726,4.664e-05,257.288,1.277425,True
2026-05-29T00:00:42.962012+00:00,market_fcb93d547f68,73687.91,73617.52,2.525e-05,7.674e-05,257.038,0.86,0.88,0.12,0.14,2026-05-29T00:00:42.962012+00:00,slug_fcb93d547f68,,live,73687.91,73519.0759,73617.52,0.86,0.88,0.87,0.02,0.13,0.02,0.87,0.13,0.899383,0.100617,4.664e-05,257.038,1.278045,True
2026-05-29T00:00:43.219761+00:00,market_fcb93d547f68,73687.91,73617.52,2.551e-05,7.675e-05,256.78,0.87,0.88,0.12,0.13,2026-05-29T00:00:43.219761+00:00,slug_fcb93d547f68,,live,73687.91,73519.0759,73617.52,0.87,0.88,0.875,0.01,0.125,0.01,0.875,0.125,0.898967,0.101033,4.675e-05,256.78,1.275688,True
2026-05-29T00:00:43.469707+00:00,market_fcb93d547f68,73687.91,73617.52,2.551e-05,7.675e-05,256.53,0.87,0.88,0.12,0.13,2026-05-29T00:00:43.469707+00:00,slug_fcb93d547f68,,live,73687.91,73519.0759,73617.52,0.87,0.88,0.875,0.01,0.125,0.01,0.875,0.125,0.899077,0.100923,4.675e-05,256.53,1.276309,True
2026-05-29T00:00:43.719712+00:00,market_fcb93d547f68,73687.9,73617.52,2.551e-05,7.675e-05,256.28,0.88,0.89,0.11,0.12,2026-05-29T00:00:43.719712+00:00,slug_fcb93d547f68,,live,73687.9,73519.0759,73617.52,0.88,0.89,0.885,0.01,0.115,0.01,0.885,0.115,0.899155,0.100845,4.675e-05,256.28,1.27675,True
2026-05-29T00:00:43.970337+00:00,market_fcb93d547f68,73687.9,73617.52,2.551e-05,7.675e-05,256.03,0.88,0.89,0.11,0.12,2026-05-29T00:00:43.970337+00:00,slug_fcb93d547f68,,live,73687.9,73519.0759,73617.52,0.88,0.89,0.885,0.01,0.115,0.01,0.885,0.115,0.899265,0.100735,4.675e-05,256.03,1.277375,True
